#Cores,Input Fraction
12,0.050164
16,0.061678
12,0.061678
12,0.055921
4,0.015625
4,0.021382
32,0.125
